article_id,title,url,content_hash,published_date,source,category,english_title,english_summary,ai_processed_at,include_on_site
68376486080b81d3,http://www.lawissue.co.kr/view.php?ud=20260521190353785204ead0791_12,"정관장 ""화애락·RXGIN, 가정의 달 기간 20대 구매 증가했다""","조성물, 녹용 추출액, 샤프란 추출물, 저분자 콜라겐 펩타이드 등이 포함됐다. 칼로리 부담을 낮춘 설계도 적용됐다. RXGIN 대표 제품 ‘RXGIN 홍천웅’은 홍삼농축액에 홍경천 추출물과 녹용, 구기자, 사상자, 복분자...",2026-05-21,lawissue.co.kr,업계소식,Cheong Kwan Jang: Sales of Hwa-ae-rak and RXGIN to 20-somethings rise during Family Month,Chong Kun Dang reports increased purchases of its deer velvet-containing products Hwaaelak and RXGIN among consumers in their 20s during the Family Month promotional period. RXGIN Hongcheon Woong product combines red ginseng concentrate with deer velvet extract and other traditional ingredients in a low-calorie formulation.,2026-06-05T13:43:33Z,TRUE
99a5a5f5593ac347,https://biz.chosun.com/industry/business_info/2026/07/01/FOJOFSMWYRDRLIPOKIHNFZ45MM/?utm_source=naver&utm_medium=original&utm_campaign=biz,"유한건강생활, 면역 기능성 녹용 소재 ‘헨키브 이뮨’ 와디즈 공개",식약처 개별인정형 원료 ‘녹용효소분해추출물’ 적용 회사 측 “인체적용시험서 NK세포 활성 변화율 증가 확인” 와디즈서 최초 공개…건강기능식품 면역 기능성 중심으로 소개 유한건강생활은 녹용효소분해추출...,2026-07-01,biz.chosun.com,건강제품,Yuhan Health Launches Immune-Functional Deer Velvet Product,"Yuhan Health Life introduces 'Henkiv Immune,' a deer velvet-based functional ingredient featuring enzyme-decomposed deer velvet extract approved by the Korea Food and Drug Administration, with clinical studies showing increased NK cell activity.",2026-07-01T08:54:31Z,TRUE
bf3d822ac4f410e3,https://www.econovill.com/news/articleView.html?idxno=743888,녹용 시장 커진다…정관장 '천녹' 성장세 주목,"건강기능식품 시장에 고급화 바람이 불면서 전통 보양 소재인 '녹용'이 핵심 주자로 떠오른 가운데, 정관장의 프리미엄 녹용 브랜드 '천녹'이 시장 성장을 견인하며 주목받고 있다. 녹용은 전통적으로 기력 관리에...",2026-06-30,econovill.com,업계소식,Deer Velvet Market Grows With Premium Brand Focus,"The deer velvet market is expanding as Korea's health functional food sector shifts toward premium products, with KGC Ginseng's premium brand 'Cheonrok' leading market growth.",2026-07-01T08:54:31Z,TRUE
54a976ffbfac83b8,https://www.starnewskorea.com/sports/2026/06/30/2026063015232082478,"키움, 7일 1일 LG전서 '래오이경제 파트너데이' 개최→한의사 이경제 원...","전통 한방 원료를 현대적으로 재해석한 제품들을 선보이고 있으며, 특히 흑염소, 녹용, 침향 등 대표 라인업을 통해 소비자들에게 꾸준한 신뢰를 받으며 토털 헬스케어 브랜드로서 업계를 선도하고 있다.",2026-06-30,starnewskorea.com,업계소식,Kium Hosts Traditional Korean Medicine Partner Event,Kium is showcasing modernized traditional Korean medicine products including deer velvet as part of their healthcare brand expansion. The company is positioning itself as a leading total healthcare brand through key product lines.,2026-07-01T08:54:31Z,TRUE
a4e712e96d534287,https://magazine.hankyung.com/business/article/202606305681b,녹용 건강기능식품 시장 확대…프리미엄 원료 경쟁 본격화,온 녹용이 대표적인 프리미엄 원료로 자리 잡으면서 관련 제품 출시와 마케팅 경쟁도 활발해지는 분위기다. 시장 확대는 수입 통계에서도 확인된다. 수입식품 검사연보에 따르면 뉴질랜드산 녹용 수입량은 2021년 30톤에서...,2026-06-30,magazine.hankyung.com,건강제품,Premium Deer Velvet Market Expands With Intense Competition,The deer velvet health supplement market is growing with increased product launches and marketing competition as premium raw materials gain prominence. Import statistics show New Zealand deer velvet imports have increased since 2021.,2026-07-01T08:54:31Z,TRUE
896cdc2690b97c6b,https://www.mdtoday.co.kr/news/articleView.html?idxno=602940,"건강기능식품 시장, 브랜드 넘어 원료까지 따진다","이러한 소비 트렌드의 고급화에 힘입어 전통적인 건강 소재인 녹용 시장이 가파른 성장세를 보이고 있다. 녹용 시장의 성장세는 수입량 지표에서도 확인된다. 수입식품 검사연보에 따르면, 뉴질랜드산 녹용 수입량은...",2026-06-30,mdtoday.co.kr,수입유통,Health Supplement Market Focuses on Raw Ingredients Over Brands,"The Korean health supplement market is increasingly emphasizing raw materials and ingredients, driving growth in traditional health products like deer velvet. New Zealand deer velvet imports show significant growth according to food import inspection data.",2026-07-01T08:54:31Z,TRUE
dcf2eb2c26043736,http://www.lawissue.co.kr/view.php?ud=20260629213929919817d053b9_12,"정관장, 녹용 브랜드 '천녹' 5월 매출 전년 대비 7.1% 증가",정관장의 프리미엄 녹용 브랜드 '천녹'이 이달 가정의 달 시즌에 구매 비중이 전년 대비 7.1% 증가했으며... 뉴질랜드산 녹용 수입량도 2021년 30톤에서 최근 61톤으로 2배 이상 증가했다. 명절과 가정의 달 같은 선물 시즌에...,2026-06-29,lawissue.co.kr,업계소식,Cheong Kwan Jang's Premium Deer Velvet Brand Sales Up 7.1%,Cheong Kwan Jang's premium deer velvet brand 'Cheonrok' saw May sales increase 7.1% year-over-year during the family holiday season. New Zealand deer velvet imports have more than doubled from 30 tons in 2021 to 61 tons recently.,2026-07-01T08:54:31Z,TRUE
15bf0e68db7b96f6,http://www.thevaluenews.co.kr/news/view.php?idx=199701,"건기식 시장, 녹용 앞세운 프리미엄 원료 경쟁 본격화","[사진=정관장] 이 같은 흐름 속에서 녹용이 프리미엄 건강관리 소재로 다시 주목받고 있다. 녹용은 전통적으로 기력 관리에 활용돼 온 대표적인 원료로, 최근에는 건강 선물 시장과 고급 건강식품 시장을 중심으로 수요가...",2026-06-29,thevaluenews.co.kr,건강제품,Deer Velvet Emerges as Premium Health Supplement Market Leader,"Deer velvet is gaining renewed attention as a premium ingredient in the health supplement market, particularly in the gift and luxury health food segments. The ingredient continues to be valued traditionally for vitality management while expanding its presence in high-end wellness products.",2026-07-01T08:54:31Z,TRUE
f066817ccc097084,https://www.etnews.com/20260626000281,"“국내산 녹용, 농협이 끝까지 책임집니다”… 안현구 조합장을 만나다","좋은 녹용을 기르는 일이 농가의 책임이라면, 소비자분들께 안전하게 전달하는 일은 농협의 책임입니다. 그 책임을 다하겠습니다.” 매년 여름, 갓 자라난 녹용을 출하하는 수매 시즌이 돌아온다. 올해 6월...",2026-06-29,etnews.com,업계소식,Agricultural Cooperative Takes Full Responsibility For Domestic Deer Velvet,The National Agricultural Cooperative Federation's chairman discusses the organization's commitment to safely delivering quality domestic deer velvet to consumers. The article covers the summer purchasing season when newly grown velvet is harvested and sold.,2026-07-01T08:54:31Z,TRUE
300700861851bb01,http://www.wowtv.co.kr/NewsCenter/News/Read?articleId=A202606260438&t=NN,"한국양토양록농협, 2026년 햇녹용 수매 출정식 성료…6월 말 전국 수매 ...",한국양토양록농협(조합장 안현구)이 지난 22일 경기도 곤지암 경제사업장에서 '2026년 국내산 햇녹용 수매 출정식'을 개최하고 본격적인 수매 대장정에 나섰다. 이날 출정식에는 전국 양록조합원들이 참석해 국내산 녹용의...,2026-06-29,wowtv.co.kr,업계소식,Korean Deer Velvet Cooperative Launches 2026 Domestic Antler Procurement,"The Korean Deer and Velvet Cooperative held a launch ceremony for its 2026 domestic velvet antler procurement on the 22nd at its facility in Gonjiam, Gyeonggi Province. The cooperative plans to begin full-scale purchasing nationwide by the end of June.",2026-07-01T08:54:31Z,TRUE
3058243423c98c02,https://www.etoday.co.kr/news/view/2597707,"한국양토양록농협, 국내산 햇녹용 수매 출정식 개최","이투데이=이령 기자 | -국내산 녹용의 시발점, 햇녹용 수매 6월말부터 대장정 시작 한국양토양록농협(조합장 안현구)이 지난 22일 곤지암 경제사업장에서 2026년 국내산 햇녹용 수매 출정식을 진행했다. 이번 출정식을 통해...",2026-06-29,etoday.co.kr,업계소식,Korean Deer Velvet Cooperative Launches New Season Procurement,The Korean Deer Velvet Cooperative held a launch ceremony for the 2026 new season velvet procurement starting from late June. This marks the beginning of the domestic velvet supply chain.,2026-07-01T08:54:31Z,TRUE
279a45eb36e37bdc,http://www.samdailbo.com/news/articleView.html?idxno=266658,"㈜녹용축산유통, 대한적십자사 레드크로스아너스클럽 가입",대한적십자사 제주특별자치도지사(회장 정태근)는 지난 24일 지사회장실에서 ㈜녹용축산유통(대표 이창휴·조희순)이 고액 기부자 모임인 '레드크로스아너스클럽'에 가입했다고 밝혔다. 이날 가입식에서 ㈜녹용축산유통은...,2026-06-28,samdailbo.com,업계소식,Deer Velvet Livestock Distribution Company Joins Red Cross Honors Club,"A Korean deer velvet livestock distribution company has joined the Red Cross Honors Club, a high-donor organization under the Korean Red Cross Jeju branch. The company made a significant charitable contribution through this membership.",2026-07-01T08:54:31Z,TRUE
fc73e01a495ca555,https://www.edaily.co.kr/news/newspath.asp?newsid=04592006645485656,"'무허가 녹용 절편' 유통업자들, 추가 이익 꿀꺽…줄줄이 처벌",무허가로 제조된 녹용절편을 사들여 한의원과 한약국 등에 유통한 업자들이 법원에서 잇따라 약사법 위반 유죄 판결을 받았다. 의약품 제조업 허가 없이 녹용절편을 제조한 업자로부터 제품을 구입한 뒤 되팔아...,2026-06-26,edaily.co.kr,규제정책,Unauthorized Deer Velvet Product Distributors Face Legal Penalties,Distributors who sold unauthorized manufactured deer velvet products to oriental medicine clinics and pharmacies have been convicted of violating pharmaceutical laws. Multiple distributors purchasing unlicensed deer velvet products and reselling them to medical institutions face prosecution.,2026-07-01T08:54:31Z,TRUE
b3f9ff31de0139e9,http://www.mjmedi.com/news/articleView.html?idxno=62743,[기고] 한의학 기반 줄기세포 활성 치료 (3),"녹용의 분골, 죽순과 같은 고성장 조직에서는 핵산 대사와 함께 폴리아민이 풍부하게 존재한다. 이는 조직 재생이 단순히 DNA 재료 공급만으로 이루어지는 것이 아니라, 세포가 성장할 수 있는 환경이 함께...",2026-06-26,mjmedi.com,건강제품,Stem Cell Activation Treatment Based on Korean Medicine Part Three,"This article discusses nucleic acid metabolism and polyamine abundance in high-growth tissues like deer velvet antler and bamboo shoots, explaining how tissue regeneration requires both DNA materials and proper cellular growth environments.",2026-07-01T08:54:31Z,TRUE
215fdb6f174ebff4,https://www.mt.co.kr/living/2026/06/25/2026062316574787531,월드컵 응원에 쌓인 피로…정관장 남성활력 'RXGIN 홍천웅'으로 푼다,"프리미엄 홍삼농축액에 홍경천 추출물(SHR-5)을 더했으며, 녹용과 구기자, 사상자, 복분자, 토사자, 오미자 등을 함유한 식물혼합농축액을 배합했다. 알엑스진의 인기는 판매 실적으로도 입증되고 있다. 제품 리뉴얼이...",2026-06-24,mt.co.kr,건강제품,Jeonggwanjang Launches RXGIN Energy Drink With Deer Velvet,"Jeonggwanjang introduces a premium red ginseng concentrate product enriched with Rhodiola extract and deer velvet, targeting male vitality and fatigue recovery. The product combines multiple herbal ingredients including goji berry and schisandra for enhanced health benefits.",2026-07-01T08:54:31Z,TRUE
ae5423b42e7f71a1,http://www.metroseoul.co.kr/article/20260624500206,[창간기획⑪-광동제약]글로벌 신약·천연물 R&D 고도화...체질개선 '속도...,광동제약 천연물융합연구개발본부는 녹용당귀등 복합추출물이 남성 전립선 비대 증상 개선에 효과가 있다는 것을 임상으로 입증하며 국내 최초 녹용을 활용한 개별인정형 원료로 식약처 허가를 받았다. 이어...,2026-06-24,metroseoul.co.kr,건강제품,Kwanddong Pharma Develops Deer Velvet Health Product Innovation,"Kwanddong Pharmaceutical's natural products R&D division has obtained Korean Food and Drug Administration approval for Korea's first individually recognized ingredient using deer velvet, demonstrating clinical efficacy in improving male prostate enlargement symptoms through a complex extract combining deer velvet and Angelica sinensis.",2026-07-01T08:54:31Z,TRUE
93cbc76b8097827f,http://www.bokuennews.com/news/article.html?no=280259,"어니스트리, 프리미엄 양태반 함유 '어삼 양태반 진 스틱' 출시","또한 6년근 홍삼, 영지버섯농축액, 대보농축액, 녹용발효추출분말 등 12종의 한방 원료와 함께 아미노산 9종, 비타민 B군, 비타민 C, 타우린, L-아르기닌 등을 배합해 영양 밸런스를 맞췄다. 진한 한방 풍미의 액상 스틱...",2026-06-23,bokuennews.com,건강제품,Earnestree Launches Premium Antler Extract Ginseng Stick,"Earnestree has launched a new premium liquid stick product containing deer antler extract combined with 12 traditional herbal ingredients including 6-year ginseng, reishi mushroom, and other nutritional components.",2026-07-01T08:54:31Z,TRUE
4bb454167278c578,http://www.hemophilia.co.kr/news/articleView.html?idxno=42764,"다양한 형태로 나타나는 이명, 원인별 치료와 관리가 중요","이를 개선하기 위해 혈을 보충하는 처방이 적용되며, 당귀나 녹용 등 관련 약재가 활용되기도 한다. 특히 산후 회복이 충분히 이뤄지지 않을 경우 이명 증상이 발생할 수 있어 적절한 산후 관리가 중요하다. 신장 기능의...",2026-06-23,hemophilia.co.kr,건강제품,Managing Tinnitus Through Blood Supplementation and Herbal Remedies,"The article discusses tinnitus treatment using blood-supplementing prescriptions, including herbal ingredients like Angelica sinensis and deer velvet. Proper postpartum care is emphasized as insufficient recovery can trigger tinnitus symptoms.",2026-07-01T08:54:31Z,TRUE
9452cdf64ba5bfe6,https://www.joongang.co.kr/article/25438639,"[Health&] 조금만 걸어도 숨차고, 기침 지속 땐 COPD일 수 있어",염증 줄이는 청폐·면역력 강화에 초점 K-심폐단은 ‘김씨녹용영동탕’과 함께 활용된다. 마황·계지... 여기에 녹용과 녹각교 등을 더해 폐의 재생력과 면역력 향상을 유도한다. 환자 맞춤형 처방은 기본이다....,2026-06-22,joongang.co.kr,건강제품,COPD Management Through Traditional Korean Medicine with Deer Velvet,Article discusses COPD symptoms and treatment approaches using traditional Korean medicine formulations that incorporate deer velvet (녹용) and deer antler cartilage (녹각교) to enhance lung regeneration and immune function. The treatment emphasizes personalized prescriptions combining various herbal ingredients with deer velvet products.,2026-07-01T08:54:31Z,TRUE
bf200e312bc9cdb2,https://www.hani.co.kr/arti/opinion/column/1264551.html,"꽃사슴도, 멧돼지도 ‘유해 동물’…누가 낙인찍었나 [정진아의 다르지...",1985년 녹용 채취를 목적으로 안마도에 들여온 꽃사슴 10여마리가 유기되며 개체 수가 급증했다. 이로 인한 주민 민원이 잇따르자 국민권익위원회는 관계 부처와 협의해 2025년 꽃사슴을 유해 야생동물로 지정하기로...,2026-06-21,hani.co.kr,규제정책,Sika Deer Designated As Harmful Wildlife In 2025,"Sika deer, introduced to Anma Island in 1985 for velvet antler harvesting, have proliferated after abandonment and will be officially designated as harmful wildlife in 2025 following citizen complaints. The designation follows consultations between the Ombudsman and relevant government agencies.",2026-07-01T08:54:31Z,TRUE
4f61e844bf5a92b1,https://www.kpanews.co.kr/news/articleView.html?idxno=537083,50대부터 급격히 약해지는 뼈…지금 챙겨야 할 영양소는,"또한 유비데카레논(CoQ10), 비타민E, 셀레늄 등의 항산화 성분과 당귀, 황기, 작약, 로열젤리, 녹용 등 생약 성분이 함유돼 있어 체력 관리와 활력 증진에도 도움을 줄 수 있다. 다만 비맥스에버프리미엄정은 전반적인...",2026-06-20,kpanews.co.kr,건강제품,Essential Nutrients for Bone Health After Age 50,"The article discusses nutritional components important for bone health in people over 50, mentioning antioxidants like CoQ10, vitamin E, and selenium, as well as traditional herbal ingredients including deer velvet for vitality and stamina management.",2026-07-01T08:54:31Z,TRUE
a650ae81e599b730,http://www.lawissue.co.kr/view.php?ud=202606191414296998f4ab64559d_12,[단독] 일반식품 광고에 '항암 특허명' 노출…안국약품 알부민 광고 적...,"식물혼합추출물분말-S에는 ""피로회복용 조성물(특허 제10-1154031호)"", 녹용발효추출분말에는 ""항염 활성을 갖는 발효녹용 추출물""이라는 표현이 함께 붙어 있다. 소비자는 제품 광고를 살펴보는 과정에서 '항암 및 면역...",2026-06-19,lawissue.co.kr,규제정책,Food Advertisements Improperly Display Medical Patent Claims,"An investigation reveals that general food products, including deer velvet fermented extract powder, are being advertised with medical patent claims such as anti-cancer and immune function benefits, which violates food advertising regulations.",2026-07-01T08:54:31Z,TRUE
da4be059d648a81b,https://news.unn.net/news/articleView.html?idxno=593667,"유한대, '미래로 출근! 실전 직무체험' 체험형 기업탐방 성료",개발한 녹용효소분해추출물 '헨키브(HENKIV®)'를 적용한 신제품 '헨키브 이뮨(HENKIV IMMUNE)'을 주제로 조별 프로젝트를 수행했다. 헨키브 이뮨은 식품의약품안전처로부터 국내 최초이자 유일하게 녹용 단일 원료의 면역...,2026-06-18,news.unn.net,업계소식,Yuhan University Completes Immersive Corporate Exploration Experience,"Yuhan Corporation showcased its deer velvet enzyme extract product HENKIV® and introduced HENKIV IMMUNE, Korea's first and only single-ingredient deer velvet immune supplement approved by the MFDS, through an experiential corporate visit program.",2026-07-01T08:54:31Z,TRUE
fede5bad1919221b,http://www.segyebiz.com/newsView/20260618513306?OutUrl=naver,"구록원, 6월 햇녹용 대규모 ‘녹용 기획전’ 진행",역대급 증정 혜택 마련 사진제공- 구록원 전통건강식품 브랜드 '구록원'이 6월 햇녹용 출시를 기념해 제품별 할인 혜택과 함께 풍성한 추가 사은품을 제공하는 '녹용 기획전'을 진행하고 있다고 18일 밝혔다. 이번 녹용...,2026-06-18,segyebiz.com,업계소식,Gurok Won Launches Major June Velvet Campaign,"Gurok Won, a traditional health food brand, is running a special velvet promotion in June featuring product discounts and generous gifts for new season velvet launch.",2026-07-01T08:54:31Z,TRUE
2d8b29a8f98a2dba,https://biz.heraldcorp.com/article/10774658?ref=naver,"정관장 ‘홍삼원’, 해외 매출이 국내 앞섰다",‘홍삼원골드’는 6년근 홍삼에 상황버섯·영지버섯농축액·녹용추출물 등을 더한 프리미엄 라인이다. 깊고 진한 풍미와 함께 활력 있는 라이프스타일을 추구하는 소비자들에게 호응을 얻고 있다. 정대한 기자,2026-06-18,biz.heraldcorp.com,무역시장,Jeonggak's Red Ginseng Product Achieves Higher Overseas Sales,"Jeonggak's 'Hong-samwon Gold' premium product line, which combines 6-year red ginseng with medicinal mushrooms and deer velvet extract, has surpassed domestic sales with stronger international performance.",2026-07-01T08:54:31Z,TRUE
1dd9849f055b8900,https://biz.heraldcorp.com/article/10773244?ref=naver,정관장 “홍삼원으로 활력 제안”…응원 열기 더한다,‘홍삼원골드’는 6년근 홍삼에 상황버섯·영지버섯농축액·녹용추출물 등을 더한 프리미엄 라인이다. 깊고 진한 풍미와 함께 활력 있는 라이프스타일을 추구하는 소비자들에게 호응을 얻고 있다. 정관장 관계자는...,2026-06-18,biz.heraldcorp.com,건강제품,Jeonggwanjang Launches Premium Red Ginseng with Deer Velvet Extract,"Jeonggwanjang introduces 'Hongsam Won Gold,' a premium line combining 6-year-old red ginseng with medicinal mushrooms and deer velvet extract. The product targets consumers seeking vitality and an active lifestyle.",2026-07-01T08:54:31Z,TRUE
f53ea0ff16b4f85a,https://www.mk.co.kr/article/12073501,“소변 보러 들어가더니 감감무소식”…5060 남성들의 말 못할 고민 [MK...,"<전립선 건강에 도움을 주는 건강기능식품 기능성 원료> ▶고시형 기능성원료(총 1종) 쏘팔메토 연료 추출물 ▶개별인정형 기능성원료(총 6종) 녹용당귀등 복합추출물, 단삼주정추출분말(SAGX), 사군자추출분말, 쏘팔메토...",2026-06-14,mk.co.kr,건강제품,Prostate Health Functional Foods Help Middle-Aged Men,"This article discusses functional food ingredients approved for prostate health support in Korea, including saw palmetto extract and deer antler compound extracts. The piece targets middle-aged men dealing with urinary health concerns.",2026-07-01T08:54:31Z,TRUE
1a623ac21d0ad098,https://www.pharmnews.com/news/articleView.html?idxno=304177,"엔지켐생명과학, 바이오·헬스 '투트랙' 전략...캐시카우 승부수","독자 개발한 녹용 유래 생체활성 물질인 피엘에이지(PLAG) 기반의 프리미엄 건기식 라인업 역시 액티브 시니어 층을 타깃으로 포지셔닝을 진행 중이다. 업계 관계자는 ""임상 데이터와 치료제 개발 데이터베이스를...",2026-06-14,pharmnews.com,건강제품,NJ Chemlife Sciences Launches Deer Velvet Based Premium Health Products,"NJ Chemlife Sciences is pursuing a dual strategy in biotech and health sectors, positioning premium functional foods based on their proprietary deer velvet-derived bioactive substance PLAG (Plag) targeting active seniors.",2026-07-01T08:54:31Z,TRUE
9ac7abdb630fb330,https://www.ekn.kr/web/view.php?key=20260612023092741,"한동녹용연구소·한동키즈튼튼, 메디킹덤 입점",녹용 브랜드 한동녹용연구소와 어린이 건강식품 브랜드 한동키즈튼튼이 대형 창고형 약국 '메디킹덤'에 입점했다고 12일 전했다. 메디킹덤은 약 800평 규모의 창고형 약국으로 다양한 건강 관련 제품을 한곳에서 만나볼...,2026-06-12,ekn.kr,수입유통,Handong Deer Velvet Brand Enters MediKingdom Warehouse Pharmacy,"Handong Deer Velvet Research Institute and Handong Kids Strong brand have launched at MediKingdom, a large-scale warehouse pharmacy. The expansion provides consumers access to deer velvet products in a major retail health product distribution channel.",2026-07-01T08:54:31Z,TRUE
05c9a596f2a66774,http://www.mjmedi.com/news/articleView.html?idxno=62650,[기고] 한의학 기반 줄기세포 활성 치료 (1),"예를 들어 녹용은 성장기 조직 재생과 관련된 펩타이드와 폴리아민 연구가 진행되고 있으며, 황기·인삼은 줄기세포 이동과 면역 조절 연구가 보고되고 있다. PDRN 기반 재생 치료 역시 단순 DNA 공급이 아니라 조직 회복...",2026-06-12,mjmedi.com,건강제품,Korean Medicine Based Stem Cell Activation Treatment Research,"This article discusses stem cell activation research using traditional Korean medicine ingredients, including deer velvet (녹용) which is being studied for its peptides and polyamines related to tissue regeneration and growth.",2026-07-01T08:54:31Z,TRUE
312245e646317ce4,https://www.ibabynews.com/news/articleView.html?idxno=151983,"[제약·바이오 트렌드] 녹십자수의약품, 제4회 G&Pet 어린이 미술대회 개...",엔지켐생명과학은 녹용의 약리 성분을 화학적으로 합성한 면역조절제 'EC-18'을 연구개발하며 축적해 온 높은 양·한방 이해도를 바탕으로 이번 협력을 추진하게 됐다. 남상천한의원은 대한민국 약침 분야의 선구자인...,2026-06-11,ibabynews.com,건강제품,EngiChem Develops Deer Velvet-Based Immune Modulator EC-18,"EngiChem Bioscience has developed EC-18, an immune modulator created by chemically synthesizing the pharmacological components of deer velvet. The company leverages its accumulated expertise in Eastern and Western medicine based on deer velvet research.",2026-07-01T08:54:31Z,TRUE
6d0382251dab213f,https://www.hankookilbo.com/news/article/A2026060816490004388?did=NA,녹용 다 빼먹고 탕탕탕...유해동물로 버려진 꽃사슴의 '살권리',꽃사슴은 녹용 등 농가소득 확대를 위해 일본·대만에서 들여왔다가 여러 이유로 탈출해 산림에 퍼져나간 동물이다. 정부는 지난해 야생생물보호법 시행규칙을 개정해 꽃사슴을 유해동물로 지정해 사살하고 있다....,2026-06-11,hankookilbo.com,규제정책,Sika Deer Culling Raises Animal Rights Concerns In Korea,The Korean government has designated sika deer as harmful wildlife and authorized culling after the animals escaped from farms and spread through forests. Sika deer were originally imported from Japan and Taiwan for deer velvet production but have become an ecological concern.,2026-07-01T08:54:31Z,TRUE
c0313d572f79cd2f,https://www.donga.com/news/Society/article/all/20260610/134087063/1,[단독]‘늑구 어벤져스’ 이번엔 안마도 출동…“꽃사슴과 공존 모색”,“전남 영광군 안마도에서는 허가를 받은 사냥꾼뿐만 아니라 녹용을 노리는 민간 업자들이 꽃사슴을... 안마도에서는 1985년경 주민이 녹용 채취를 목적으로 꽃사슴 10여 마리를 들여온 뒤 개체수가 937마리까지 늘었다....,2026-06-10,donga.com,규제정책,Illegal Deer Velvet Poaching Crackdown Expands To Anma Island,"Authorities are expanding enforcement operations against illegal deer velvet harvesting on Anma Island in South Jeolla Province, where the sika deer population has grown to 937 from an initial 10 animals introduced in 1985 for velvet extraction purposes.",2026-07-01T08:54:31Z,TRUE
e868119f67a8eac9,http://www.beyondpost.co.kr/view.php?ud=2026061014131444426cf2d78c68_30,"대만 타이난시, ‘서울푸드 2026’서 독립부스 공개...한국 시장 공략 본...","또한 프리미엄 수출용 파인애플과 망고를 생산하는 뤼핀(Lvpin), 전통 녹용 원료에 바이오 기술을 접목한 기능성 제품을 개발하는 타이완 루롱(Taiwan Lurong)도 참가해 대만 농식품 산업의 경쟁력을 선보일 예정이다....",2026-06-10,beyondpost.co.kr,무역시장,Taiwan Tainan City Showcases Products at Seoul Food 2026,"Taiwan's Tainan City will participate in Seoul Food 2026 with independent booths, including companies producing premium export fruits and functional products using bio-technology in traditional deer velvet materials. The exhibition aims to promote Taiwan's agri-food industry competitiveness in the Korean market.",2026-07-01T08:54:31Z,TRUE
ccdc7b61b2a62437,https://www.akomnews.com/bbs/board.php?bo_table=news&wr_id=67403,"약침, ‘K-메디컬 뷰티’ 글로벌 영토 확장 나선다","이와 관련 정철 원장(남상천한의원)은 “엔지켐생명과학은 녹용의 약리 성분을 화학적으로 합성한 면역조절제 ‘EC-18’ 연구개발을 통해 한·양방에 대한 깊은 이해도를 가진 기업인 만큼, 이번 공동연구를 통해 한의약...",2026-06-09,akomnews.com,건강제품,Herbal Acupuncture Expands Global K-Medical Beauty Territory,"A Korean herbal medicine clinic is collaborating with Engichem Life Sciences on joint research involving EC-18, an immune modulator synthesized from deer velvet pharmacological components. The partnership aims to combine traditional Korean medicine and Western medicine expertise for global expansion.",2026-07-01T08:54:31Z,TRUE
ecbdb8b183bffb7c,https://www.joongangenews.com/news/articleView.html?idxno=524555,"PDRN에 한방 더했다...엔지켐생명과학, 차세대 약침 소재 개발 나서",EC-18은 녹용 유래 약리 성분을 화학적으로 합성한 면역조절 물질로 알려져 있으며 회사는 이를 통해 양방과 한방을 아우르는 연구 경험을 축적해 왔다. 남상천한의원은 국내 약침 치료 분야에서 오랜 임상 경험을 보유한...,2026-06-09,joongangenews.com,건강제품,EnzyChem Develops Next-Generation Acupuncture Needle Material,"EnzyChem Life Science is developing advanced acupuncture needle materials by combining PDRN with EC-18, a deer velvet-derived immune-regulating substance synthesized chemically. The company aims to integrate Western and traditional Korean medicine approaches in acupuncture treatment research.",2026-07-01T08:54:31Z,TRUE
7d80e4617a85c173,http://www.jndn.com/article.php?aid=1780909751433914047,하지감자,"반면에 봄철에 왕성한 성장 활동을 보이는 뿔은 '녹용'이라고 한다. 사슴의 뿔은 가장 빠르게 성장하는 조직... 녹용과 녹각이 한약재로도 선호하는 이유이다. 빈혈이나 피로감, 체력 저하 및 면역력 강화 등에 녹용이 그...",2026-06-08,jndn.com,건강제품,Deer Velvet Benefits for Anemia and Fatigue Relief,"The article discusses deer velvet (green antler) as a traditional herbal medicine, highlighting its rapid growth properties and benefits for treating anemia, fatigue, and boosting immunity.",2026-07-01T08:54:31Z,TRUE
34287899de5a5062,https://www.sportschosun.com/life/2026-06-08/202606080100047170002910,주류로 올라선 '이중제형' 건기식…다음 타자는 물 없이 먹는 '파우더'?,"홍삼농축액을 주원료로 두뇌와 체력을 한번에 케어할 수 있는 '아이패스 에너지샷', 액상형 앰플과 환(丸)을 결합한 이중제형 형태로 새단장한 녹용 브랜드 천녹의 '천녹톤 부스터' 등을 잇따라 선보이며 젊은층이...",2026-06-08,sportschosun.com,건강제품,Dual-Form Health Supplements Gain Popularity Among Young Consumers,"Korean health supplement brands are increasingly launching innovative dual-form products combining different formats, such as ginseng energy shots and deer antler products in combined liquid and pill forms, targeting younger consumer demographics.",2026-07-01T08:54:31Z,TRUE
868eebcf5df5c5c8,https://www.financialpost.co.kr/news/articleView.html?idxno=261669,"[신성장 엔진 장착] KGC, 非홍삼 건기식·화장품 영역 확대…중동·동남...",녹용 브랜드 '천녹'이 그 선두주자로 자리매김하는 모습이다. 지난 2014년 출시 이후 꾸준히 시장을 확장해온 천녹은 지난해 7월 브랜드 리뉴얼을 거쳐 최근 누적 매출 7000억원을 돌파했다. 침향 전문 브랜드 '기다림...,2026-06-06,financialpost.co.kr,업계소식,KGC Expands Deer Velvet and Non-Ginseng Health Products,"KGC's deer velvet brand 'Cheonrok' has surpassed 700 billion won in cumulative sales since its 2014 launch, with a brand renewal in July last year. The company is expanding its non-ginseng health food and cosmetics portfolio into Middle Eastern and Southeast Asian markets.",2026-07-01T08:54:31Z,TRUE
560ee77b080b7eb3,https://ent.sbs.co.kr/news/article.do?article_id=E10010317539&plink=ORI&cooper=NAVER,"'식포일러' 김도윤, ""어릴 때 보양식 다양하게 먹어···먹고 싶다면 다...","녹용도 먹고 소간도 먹고""라며 기가 약해졌을 때 어떤 음식을 먹었는지 언급했다. 이를 들은 데프콘은 ""형은 축복받은 집안에서 태어나서 어릴 때부터 보양에 특화되어 있었구나""라며 ""어릴 때 먹고 싶다고 하면 뭐든지 다...",2026-06-06,ent.sbs.co.kr,건강제품,Celebrity Discusses Childhood Tonic Foods Including Deer Velvet,A television personality recalls consuming various traditional tonic foods including deer velvet during childhood as health supplements. The discussion highlights the cultural practice of consuming premium health foods for wellness purposes.,2026-07-01T08:54:31Z,TRUE
dd26f386cbaad806,https://www.agrinet.co.kr/news/articleView.html?idxno=404781,[현장 특집] 41년 열정으로 일군 약용작물···체험·치유 6차산업화로...,"파우치의 경우 특허 받은 '별의별 간', 도라지돌배즙, 녹용쌍화차, 홍화씨진액 등이 있다. 스틱인 '생기가득'도 특허를 받았다. 환 제품은 '백세팔팔 적하수오', '강황황칠환' 등이다. 올해는 혈당강하 기능 특허 제품...",2026-06-05,agrinet.co.kr,건강제품,41-Year Medicinal Crop Business Expands Into Experience-Based Wellness Tourism,"A Korean medicinal crop producer showcases their diversified product line including patented pouches, sticks, and pills featuring ingredients like deer velvet, barley, and turmeric. The company is expanding into experiential and healing-focused sixth-industry agriculture combining farming with wellness tourism.",2026-07-01T08:54:31Z,TRUE
ce23574fbc72ea18,https://www.chosun.com/national/welfare-medical/2026/06/05/YVVWV4EYZFHOPGOBJEJBMNFBL4/?utm_source=naver&utm_medium=referral&utm_campaign=naver-news,‘아이 기침 줄었다’더니 알고보니 불법 광고,"한 녹용 산삼 배양근은 일반 식품인데 ‘감기 예방’이라는 문구를 홍보에 사용하고 있었다. 또 다른 식품은 ‘두드러기, 건선, 아토피 등을 관리하기 위한 종합적인 접근법의 일부가 될 수 있다’고 했다....",2026-06-05,chosun.com,규제정책,Illegal Health Claims Found in Deer Velvet Product Advertising,"A deer velvet and ginseng cultivation product illegally advertised cold prevention benefits despite being classified as general food. Multiple products made unauthorized health claims about managing conditions like hives, psoriasis, and atopic dermatitis.",2026-07-01T08:54:31Z,TRUE
6d0e2dc7cafdea3d,http://www.bokuennews.com/news/article.html?no=279217,"소올한의원, 치매·파킨슨병·뇌졸중에 '소올하버드 3·3·3 통합치료' 적...","소올탕은 녹용과 당귀, 산수유, 숙지황, 백출, 감초 등으로 구성한다. 처방의 목표는 신장과 심장의 기능을 보강하고 뇌 활동을 돕는 데 있다. 약재별 역할도 분명하다. 녹용은 신장의 기능을 보강해 뇌 활성에...",2026-06-05,bokuennews.com,건강제품,Herbal Clinic Treats Dementia Parkinson's With Integrated Therapy,A Korean herbal clinic treats neurological diseases including dementia and Parkinson's using a traditional formula containing deer velvet and other medicinal herbs. The treatment aims to strengthen kidney and heart function while supporting brain activity.,2026-07-01T08:54:31Z,TRUE
b97854013ee02c4f,https://www.kyongbuk.co.kr/news/articleView.html?idxno=4074515,"[한방칼럼] 안동 한의약 학술축제, 시민 건강·삶 보듬다","초음파, 레이저, 엑스레이를 비롯한 최신 한방 의료기기부터 녹용, 인삼, 당귀 등 우수한 한약재의 전시 홍보, 난치병 치료에 응용되는 첨단 약침 관련 부스까지 한의학의 현재와 미래를 한눈에 볼 수 있다. 나아가 의료인을...",2026-06-03,kyongbuk.co.kr,업계소식,Andong Korean Medicine Academic Festival Promotes Public Health,"An Andong Korean medicine academic festival showcases modern medical devices, herbal materials including deer velvet and ginseng, and advanced acupuncture therapies. The event displays the current state and future of Korean medicine to the public.",2026-07-01T08:54:31Z,TRUE
397ddcc2d4068002,https://www.yna.co.kr/view/AKR20260529151700518?input=1195m,[팩트체크] 곤약젤리·고농도 액상담배…해외여행 후 반입 제한 품목은,"이밖에 우유·치즈·버터 등 유가공품, 녹용·뼈·깃털 등 동물의 생산품, 달걀과 같은 알 및 알 가공품, 반려동물의 사료나 간식류, 영양제 등도 모두 반입 불가 품목이다. 생과일 등 생과채류는 물론 감자·고구마...",2026-06-03,yna.co.kr,수입유통,Restricted Items for Travelers Returning to Korea,"This fact-check article outlines prohibited items that cannot be brought into Korea after overseas travel, including dairy products, animal products like deer velvet, eggs, pet food, and fresh produce.",2026-07-01T08:54:31Z,TRUE
4cdedd161fb8e81e,https://news.kbs.co.kr/news/pc/view/view.do?ncd=8575495&ref=A,‘밤비’ 같던 꽃사슴…“이젠 유해동물”,"과거 녹용을 위해 들여왔던 외래 꽃사슴이 야생화돼, 생태계는 물론 시민 안전까지 위협하고 있습니다.... 1950년대 녹용 때문에 들여왔다 야생에 퍼진 외래종으로, 지난해 말 '유해야생동물'로 지정됐습니다. [김의경...",2026-06-01,news.kbs.co.kr,업계소식,Imported Sika Deer Now Classified as Harmful Wildlife,"Sika deer, originally introduced to Korea in the 1950s for velvet antler production, have become invasive in the wild and were designated as harmful wildlife last year due to threats to ecosystems and public safety.",2026-07-01T08:54:31Z,TRUE
ff997ad2dc1cbb5c,http://www.kookje.co.kr/news2011/asp/newsbody.asp?code=0700&key=20260602.22013000341,[강병령의 한방 이야기] 지친 몸에 다시 힘을 채우는 이름,공진단의 대표 약재는 녹용 당귀 산수유 사향이다. 그중에서도 가장 주목받는 재료는 단연 사향이다. 사향은... 전문가들은 공진단을 선택할 때 사향과 녹용 등 주요 약재의 품질과 원산지를 꼼꼼히 확인할 필요가 있다고...,2026-06-01,kookje.co.kr,건강제품,Gonggjin-dan: Restoring Vitality With Premium Herbal Ingredients,"Article discusses Gonggjin-dan, a traditional Korean herbal medicine whose key ingredients include deer antler, angelica, cornus fruit, and musk. Experts recommend carefully verifying the quality and origin of primary ingredients like musk and deer antler when selecting the product.",2026-07-01T08:54:31Z,TRUE
052de1b2fd1dcc49,https://www.stardailynews.co.kr/news/articleView.html?idxno=537926,"구전녹용, 6월 한 달간 할인·증정 행사 진행","건강식품 브랜드 구전녹용이 6월 1일부터 30일까지 일부 제품을 대상으로 할인 및 증정 행사를 진행한다고 밝혔다. 행사 대상 제품은 여성용 제품인 '구전녹용 정경부인', 어린이용 제품 '구전녹용 금지옥엽', 휴대용 제품...",2026-06-01,stardailynews.co.kr,업계소식,Gujon Deer Velvet Launches June Discount and Gift Promotion,"Gujon Deer Velvet, a health food brand, is running a discount and gift promotion throughout June for select products including women's and children's formulations.",2026-07-01T08:54:31Z,TRUE
87e3b2045098fd47,https://www.etnews.com/20260601000073,"[IT's 헬스]초고령사회 늘어나는 시니어 대학생, 자아실현도 좋지만 건...","황제의 보약이라고도 불리는 공진단은 사향과 녹용, 당귀 등 한약재를 환 형태로 빚은 약으로 허약 체질을 보강하고 기혈 흐름을 원활하게 한다. 뇌세포를 재생시켜 정신적인 피로 회복과 집중력 향상에 도움이 된다....",2026-06-01,etnews.com,건강제품,Senior University Students' Health Benefits Of Traditional Korean Medicine,"Article discusses Gongjin-dan, a traditional Korean herbal medicine containing deer antler and other ingredients, which is believed to strengthen weak constitutions and improve mental focus and fatigue recovery.",2026-07-01T08:54:31Z,TRUE
3a4c4e59260a015b,https://health.chosun.com/site/data/html_dir/2026/05/31/2026053101942.html,"""숨참·기침 증상 유발하는 '섬유화증'… 폐·심장 함께 치료해야""","폐 기능 저하가 심장 부담으로 이어지는 것을 고려한 치료법으로, 길경·반하·오미자 기반의 김씨녹용영동탕과 우황청심원에 사향·침향·녹용 등을 더한 '김씨공심단'을 병용하는 방식이다. 김 원장은 ""실제...",2026-06-01,health.chosun.com,건강제품,Herbal Treatment Combining Deer Velvet for Pulmonary Fibrosis,A Korean herbal medicine approach using deer velvet-based formulations to treat pulmonary fibrosis by addressing both lung and heart function. The treatment combines traditional herbs with deer velvet and other premium ingredients.,2026-07-01T08:54:31Z,TRUE
d663e092005a7135,https://www.agrinet.co.kr/news/articleView.html?idxno=404578,중장년 남성 건강관리도 맞춤형으로···정관장 'RXGIN' 라인업 확대,여기에 녹용과 구기자·사사자·복분자·토사자·오미자 등을 섞은 식물혼합 농축액을 배합해 남성 맞춤형 복합 설계를 완성했다. 제품 패키지도 딥그린 컬러를 적용함으로써 프리미엄 이미지를 강화하고 전면에...,2026-05-29,agrinet.co.kr,건강제품,Amorepacific Expands Male Wellness Product Line With Deer Velvet,KGC Cheong Kwan Jang launches expanded RXGIN product line targeting middle-aged male health with deer velvet combined with traditional herbs. The new formulation features plant-based concentrate blends designed specifically for men's wellness.,2026-07-01T08:54:31Z,TRUE
a1c30c6d7a9520b0,https://biz.heraldcorp.com/article/10759627?ref=naver,"[신제품·신기술]조아제약, 7가지 복합성분 공진단 ‘몽진환 마인’",녹용·참당귀·산수유·천마 등 7가지 성분을 균형 있게 배합해 만들어졌다고 한다. 조아제약은 “신경전달물질인 ‘가바(GABA)’ 생성에 중점을 뒀다. 가바는 과도한 흥분을 진정시키고 심리적 안정에 관여하는 물질”...,2026-05-29,biz.heraldcorp.com,건강제품,Choa Pharma Launches New Deer Velvet Complex Supplement,"Choa Pharmaceutical has introduced a new health product combining seven ingredients including deer velvet, angelica, and cornus fruit formulated to enhance GABA neurotransmitter production for stress relief and psychological stability.",2026-07-01T08:54:31Z,TRUE
798968dd2f426a8e,https://biz.chosun.com/industry/business_info/2026/05/29/IPMQVONKN5EYDAMQK6KOCA573I/?utm_source=naver&utm_medium=original&utm_campaign=biz,"정관장, ‘RXGIN 홍천웅·홍삼오일’로 남성 건강 라인업 강화",여기에는 녹용과 함께 구기자·사상자·복분자·토사자·오미자 등을 담은 식물혼합농축액을 배합했다. 정관장은 남성 활력 관리뿐 아니라 전립선 건강 분야에서도 관련 제품을 운영하고 있다. 대표 제품인 ‘RXGIN...,2026-05-29,biz.chosun.com,건강제품,Amorepacific Strengthens Male Health Lineup With New Products,Amorepacific launches new male health products containing deer antler velvet combined with various herbal extracts including goji berry and schisandra. The company expands its portfolio to address male vitality and prostate health.,2026-07-01T08:54:31Z,TRUE
334992e2a371304e,https://www.getnews.co.kr/news/articleView.html?idxno=871164,"[제약소식]휴온스글로벌, 자회사 합병 찬반 묻는 임시주총 개최 결정 外...","◆조아제약, 전통 공진단 처방 현대화한 '몽진환 마인' 출시…헴프씨드·녹용 등 7가지 성분 배합 조아제약이... 하며, 녹용·참당귀·산수유·천마 등 엄선된 7가지 자연 성분을 균형 있게 배합한 것이 특징이다. 몽진환...",2026-05-29,getnews.co.kr,건강제품,Choa Pharmaceuticals Launches Mongjinhwan Formulation with Deer Velvet,"Choa Pharmaceuticals has launched 'Mongjinhwan Mine,' a modernized version of the traditional Gongjindan prescription featuring seven natural ingredients including deer velvet, angelica, and cornus fruit.",2026-07-01T08:54:31Z,TRUE
727152daee11658a,https://www.munhwa.com/article/11592025?ref=naver,<전문가 칼럼>체력도 경쟁력…’레디코어’ 트렌드 속 한방 건강관리.....,"녹용, 사향, 산수유 등의 약재를 조합한 공진단은 ‘타고난 원기를 든든히 하고, 오장의 조화 및 병이 생기지 않게 하는 약’이라고 동의보감에 기록되어 있을 정도다. 공진단에 육미지황탕 처방을 가미한 육공단도...",2026-05-29,munhwa.com,건강제품,Traditional Korean Medicine Health Management In Readycore Trend,"The article discusses traditional Korean medicine formulations like Gongjin-dan that combine deer velvet, musk, and other herbal ingredients for health management and physical fitness. It highlights how these remedies are documented in classical texts for enhancing vitality and maintaining organ harmony.",2026-07-01T08:54:31Z,TRUE
e90635237911c1df,https://daily.hankooki.com/news/articleView.html?idxno=1371579,"조아제약, 일곱 가지 자연 성분 배합한 '몽진환 마인' 선봬",이번에 선보인 몽진환 마인은 햄프씨드를 핵심 원료로 하며 녹용·참당귀·산수유·천마 등 일곱 가지 자연 성분을 배합한 것이 특징이다. 과도한 흥분을 진정시키고 심리적 안정에 관여하는 물질로 알려진 신경전달물질...,2026-05-28,daily.hankooki.com,건강제품,Joa Pharma Launches Mongzinhwan Mine With Seven Natural Ingredients,"Joa Pharma has introduced Mongzinhwan Mine, a health product featuring hempseed as the core ingredient combined with seven natural components including deer velvet, Chinese angelica, cornus fruit, and gastrodia elata. The product is designed to calm excessive excitement and promote psychological stability through neurotransmitter regulation.",2026-07-01T08:54:31Z,TRUE
cc33fccba37a15bc,http://www.metroseoul.co.kr/article/20260528500323,"조아제약, '몽진환 마인' 출시...""기력 회복 신제품""","몽진환 마인은 대마종자로 알려진 필수 아미노산과 불포화지방산(오메가-3, 6, 9)이 풍부한 헴프씨드를 핵심 원료로 하며, 녹용·참당귀·산수유·천마 등 엄선된 일곱 가지 자연 성분을 균형 있게 배합한 제품이다. 특히...",2026-05-28,metroseoul.co.kr,건강제품,Joah Pharmaceutical Launches New Energy Recovery Product,"Joah Pharmaceutical has released 'Mongjin-hwan Mine', a health product featuring hemp seed combined with seven natural ingredients including deer antler, angelica, and gastrodia for vitality recovery.",2026-07-01T08:54:31Z,TRUE
c8e48df621631b92,https://www.yna.co.kr/view/AKR20260528086500017?input=1195m,"[바이오스냅] 보령, 고혈압·이상지질혈증 복합제 출시","녹용, 참당귀, 산수유, 천마 등 다양한 자연 성분을 배합해 제조했다고 회사가 전했다. ▲ 인공지능(AI) 신약개발 기업 갤럭스는 항체약물접합체(ADC) 전문 신약개발 기업 에임드바이오와 투자·연구 관련 협약을...",2026-05-28,yna.co.kr,건강제품,Boryung Launches Combination Treatment For Hypertension And Dyslipidemia,"Boryung has introduced a new health product combining natural ingredients including deer velvet, Chinese angelica, cornus, and gastrodia to address hypertension and abnormal lipid levels.",2026-07-01T08:54:31Z,TRUE
65a3c41386e1a678,https://www.sedaily.com/article/20049129?ref=naver,"조아제약, 헴프씨드 담은 복합 환 ‘몽진환 마인’ 출시","제품에는 헴프씨드를 비롯해 녹용, 참당귀, 산수유, 천마 등 총 일곱 가지 자연 성분이 배합됐다. 조아제약은 특히 신경전달물질인 가바(GABA) 생성에 중점을 둔 영양 설계를 적용했다고 설명했다. 가바는 과도한 흥분을...",2026-05-28,sedaily.com,건강제품,Joa Pharma Launches Hemp Seed Complex Supplement Mongjin-hwan,"Joa Pharmaceutical has released a new herbal supplement containing hemp seed, deer velvet, and six other natural ingredients, with a formulation designed to support GABA neurotransmitter production for stress relief and sleep improvement.",2026-07-01T08:54:31Z,TRUE
a97ee9e3b98fb765,http://www.press9.kr/news/articleView.html?idxno=77126,"조아제약, 공진단 처방 현대화한 '몽진환 마인' 출시","여기에 녹용과 참당귀, 산수유, 천마 등 7가지 자연 유래 성분을 조합해 균형 있는 배합을 구현했다고 회사 측은 설명했다. 조아제약은 특히 신경전달물질인 가바(GABA) 생성에 초점을 맞췄다고 밝혔다. 가바는 긴장 완화와...",2026-05-28,press9.kr,건강제품,Joa Pharmaceutical Launches Modern Gongjin-Dan Formula Product,"Joa Pharmaceutical has launched 'Mongjin-hwan Mine,' a modernized version of traditional Gongjin-dan formula containing deer velvet and six other natural ingredients. The product focuses on GABA neurotransmitter production for stress relief and relaxation.",2026-07-01T08:54:31Z,TRUE
